code,constituency_id,candidate,party
N.01,1,Datuk Mohamad Mohamarin,Gabungan Rakyat Sabah
N.01,1,Zainal Romio,Parti Warisan
N.01,1,Rahimah binti Majid,Parti Perikatan Nasional
N.02,2,Dr Samuil Mopun,Gabungan Rakyat Sabah
N.02,2,Fauziah Mohd Fuad Stephens,Parti Warisan
N.02,2,Berusli bin Kimin,Parti Perikatan Nasional
N.03,3,Datuk Seri Ruddy Awah,Gabungan Rakyat Sabah
N.03,3,Harun Ismail,Parti Warisan
N.04,4,Datuk Ben Chong Chen Bin,Gabungan Rakyat Sabah
N.04,4,Terence Au Soon Fui,Parti Warisan
N.04,4,Muhammad Affan bin Jumahat,Parti Perikatan Nasional
N.05,5,Datuk Julita Majungki,Gabungan Rakyat Sabah
N.05,5,Jornah Mozihim,Parti Warisan
N.06,6,Datuk Redonah Bahanda,Gabungan Rakyat Sabah
N.06,6,Rizham Abd Rahman,Parti Warisan
N.07,7,Datuk Hendrus Anding,Gabungan Rakyat Sabah
N.07,7,Datuk Jilid @ Zainuddin Kuminding,Parti Warisan
N.08,8,Tan Sri Pandikar Amin Mulia,Gabungan Rakyat Sabah
N.08,8,Abdullah Otong,Parti Warisan
N.08,8,Awang Salleh bin Makmud,Parti Perikatan Nasional
N.09,9,Datuk Mohd Arsad Bistari,Gabungan Rakyat Sabah
N.09,9,Mohd Khidir Lamsil,Parti Warisan
N.10,10,Datuk Japlin Akim,Gabungan Rakyat Sabah
N.10,10,Isnaraissah Munirah Majilis,Parti Warisan
N.11,11,Mudezam Muyau,Gabungan Rakyat Sabah
N.11,11,Norman Simon,Parti Warisan
N.12,12,Datuk Seri Hajiji Noor,Gabungan Rakyat Sabah
N.12,12,Mokhtar Hussin,Parti Warisan
N.12,12,Datin Tiaminah @ Siti Aminah binti Ele,Parti Perikatan Nasional
N.13,13,Datuk Jasnih Daya,Gabungan Rakyat Sabah
N.13,13,Datuk Aliasgar @ Ali Ashgar Basri,Parti Warisan
N.13,13,Mohd Zulkernain bin Osman,Parti Perikatan Nasional
N.14,14,belum umum,Gabungan Rakyat Sabah
N.14,14,Lee Han Kyun @ Joseph Lee,Parti Warisan
N.15,15,Datuk Joniston Bangkuai,Gabungan Rakyat Sabah
N.15,15,Saibin Gunsari,Parti Warisan
N.16,16,Datuk Arshad Idris,Gabungan Rakyat Sabah
N.16,16,Mentoh Aru,Parti Warisan
N.16,16,Datuk Dr. Aliakbar bin Gulasan,Parti Perikatan Nasional
N.17,17,Datuk Mohd Razali Razi,Gabungan Rakyat Sabah
N.17,17,Azhar Matusin,Parti Warisan
N.17,17,Nabila binti Norsahar,Parti Perikatan Nasional
N.18,18,Peto Galim,Parti Keadilan Rakyat
N.18,18,Shah Alfie Yahya,Gabungan Rakyat Sabah
N.18,18,Edna Jessica Majimbun,Parti Warisan
N.19,19,Phoong Jin Zhe,Democratic Action Party
N.19,19,Joeynwood Bansin,Gabungan Rakyat Sabah
N.19,19,Tham Yun Fook,Parti Warisan
N.20,20,Thonny Chee,Parti Keadilan Rakyat
N.20,20,Datuk Juil Nuatim,Gabungan Rakyat Sabah
N.20,20,Loi Kok Liang,Parti Warisan
N.21,21,Chan Loong Wei,Democratic Action Party
N.21,21,Datuk Gulam Haidar Khan Bahadar,Gabungan Rakyat Sabah
N.21,21,Samuel Wong Tshun Chuen,Parti Warisan
N.21,21,Ooi Hong Wee,Parti Perikatan Nasional
N.22,22,Chan Foong Hin,Democratic Action Party
N.22,22,Datuk Pg Saifuddin Pg Tahir Petra,Gabungan Rakyat Sabah
N.22,22,Datuk Wong Hong Jun,Parti Warisan
N.22,22,Suhaimi bin Buang,Parti Perikatan Nasional
N.23,23,Awang Husaini Sahari,Parti Keadilan Rakyat
N.23,23,Tan Sri Anifah Aman,Gabungan Rakyat Sabah
N.23,23,Datuk Uda Sulai,Parti Warisan
N.24,24,Shah Alfie Yahya,Gabungan Rakyat Sabah
N.24,24,Mohammad Firdaus Diun,Parti Warisan
N.24,24,Farish Adamz Shah @ Kanny,Parti Perikatan Nasional
N.25,25,Jannie Lasimbang,Democratic Action Party
N.25,25,Chin Tek Ming,Parti Warisan
N.26,26,Joeynwood Bansin,Gabungan Rakyat Sabah
N.26,26,Terrence Siambun,Parti Warisan
N.26,26,Francis Mojikon,Parti Perikatan Nasional
N.27,27,Datuk Juil Nuatim,Gabungan Rakyat Sabah
N.27,27,Roger @ Roy Valentine Amandus,Parti Warisan
N.27,27,Adrian Alexander,Parti Perikatan Nasional
N.28,28,Datuk Gulam Haidar Khan Bahadar,Gabungan Rakyat Sabah
N.28,28,Md Shaffie Said,Parti Warisan
N.29,29,Datuk Pg Saifuddin Pg Tahir Petra,Gabungan Rakyat Sabah
N.29,29,Datuk Aidi Mokhtar,Parti Warisan
N.29,29,Faizal bin Julaili,Parti Perikatan Nasional
N.30,30,Tan Sri Anifah Aman,Gabungan Rakyat Sabah
N.30,30,Dr Daud Yusof,Parti Warisan
N.30,30,Ridzuan bin Agus Payong,Parti Perikatan Nasional
N.31,31,Datuk Mohd Ariffin Arif,Gabungan Rakyat Sabah
N.31,31,Mohamad Said @ Ismail Sait,Parti Warisan
N.32,32,Datuk Isnin Aliasnih,Gabungan Rakyat Sabah
N.32,32,Mohd Shaid Othman,Parti Warisan
N.32,32,Mohammed Hisyam bin Hazaril,Parti Perikatan Nasional
N.33,33,Datuk Limus Jury,Gabungan Rakyat Sabah
N.33,33,Dr Monih Epin,Parti Warisan
N.34,34,Datuk Ruslan Muharam,Gabungan Rakyat Sabah
N.34,34,Mohammad Norizhuan Awang,Parti Warisan
N.35,35,Yamani Hafez Musa,Parti Keadilan Rakyat
N.35,35,Yusri Pungut,Parti Warisan
N.36,36,Datuk Dr Joachim Gunsalam,Gabungan Rakyat Sabah
N.36,36,Jeffrey Gopigog,Parti Warisan
N.36,36,Dr. Atong bin Antong,Parti Perikatan Nasional
N.37,37,Datuk Seri Masidi Manjun,Gabungan Rakyat Sabah
N.37,37,Mukinin @ Mazlan Daiman,Parti Warisan
N.38,38,Datuk Abidin Madingkir,Gabungan Rakyat Sabah
N.38,38,Juhaili Sidek,Parti Warisan
N.39,39,Datuk Victor Paut,Gabungan Rakyat Sabah
N.39,39,Bianus Kontong,Parti Warisan
N.40,40,belum umum,Gabungan Rakyat Sabah
N.40,40,Benedict Martin Gunir,Parti Warisan
N.41,41,Datuk Annuar Ayub Aman,Gabungan Rakyat Sabah
N.41,41,Adzhar Jasni @ Eddy,Parti Warisan
N.41,41,Johny @ John bin Anthony,Parti Perikatan Nasional
N.42,42,Jamawi bin Jaafar,Parti Keadilan Rakyat
N.42,42,Cheld Bryend Lind,Parti Warisan
N.43,43,Datuk Rubin Balang,Gabungan Rakyat Sabah
N.43,43,Burnley Balang,Parti Warisan
N.44,44,Rufinah Pengeran,Parti Keadilan Rakyat
N.44,44,belum umum,Gabungan Rakyat Sabah
N.44,44,Lucia Kihing,Parti Warisan
N.45,45,Datuk Ellron Angin,Gabungan Rakyat Sabah
N.45,45,Joseph Peter Tinggi,Parti Warisan
N.46,46,Datuk Abdul Ghani Yasin,Gabungan Rakyat Sabah
N.46,46,Alfian A Koroh,Parti Warisan
N.46,46,Sayau bin Tangkap,Parti Perikatan Nasional
N.47,47,Datuk Jonybone J Kurum,Gabungan Rakyat Sabah
N.47,47,Simah Matusip,Parti Warisan
N.47,47,Jamin bin Jamri,Parti Perikatan Nasional
N.48,48,Datuk James Ratib,Gabungan Rakyat Sabah
N.48,48,Aspah Abdullah Sani,Parti Warisan
N.48,48,Datuk Seri Dr. Ronald Kiandee,Parti Perikatan Nasional
N.49,49,Datuk Samad Jamri,Gabungan Rakyat Sabah
N.49,49,Jafar Awang,Parti Warisan
N.49,49,Asmad bin Nasir,Parti Perikatan Nasional
N.50,50,Abdul Said Pimping,Parti Keadilan Rakyat
N.50,50,Arunarnsin Taib,Parti Warisan
N.50,50,Yunus bin Nurdin,Parti Perikatan Nasional
N.51,51,Hazem Mubarak Musa,Gabungan Rakyat Sabah
N.51,51,Sittinra Sakah,Parti Warisan
N.51,51,Yusri bin Abu,Parti Perikatan Nasional
N.52,52,Datuk Amirshah Yaakub,Gabungan Rakyat Sabah
N.52,52,Nurlalsah Hassan Alban,Parti Warisan
N.52,52,Noraini binti Asmatil,Parti Perikatan Nasional
N.53,53,Puan Sri Diana Diego @ Yusrina Sufiana,Gabungan Rakyat Sabah
N.53,53,Alias Sani,Parti Warisan
N.53,53,Mohd Fazriee bin Awang,Parti Perikatan Nasional
N.54,54,George Hiew,Parti Keadilan Rakyat
N.54,54,Wong Tshun Khee,Parti Warisan
N.55,55,Vivian Wong Shir Yee,Democratic Action Party
N.55,55,Chong Ket Kiun,Parti Warisan
N.55,55,Mohd Firdaus @ Silvester bin Abdullah,Parti Perikatan Nasional
N.56,56,Tang Szu Ching,Democratic Action Party
N.56,56,Thien Ching Qiang,Parti Warisan
N.56,56,Koa Wei Yang,Parti Perikatan Nasional
N.57,57,Datuk Masiung Banah,Gabungan Rakyat Sabah
N.57,57,Norfaizah Chua @ Giak Kiang,Parti Warisan
N.58,58,Johainizamshah Johari,Gabungan Rakyat Sabah
N.58,58,Mohd Saifulah Lokman,Parti Warisan
N.58,58,Haji Mazlin bin Madali,Parti Perikatan Nasional
N.59,59,Datuk Juhari Janan,Gabungan Rakyat Sabah
N.59,59,Azahari Rangon,Parti Warisan
N.59,59,Tuan Pengiran Petra bin Pengiran Asri,Parti Perikatan Nasional
N.60,60,Datuk Abdul Hakim Gulam Hassan,Gabungan Rakyat Sabah
N.60,60,Assaffal @ Samsul Kamal P Alian,Parti Warisan
N.61,61,Romansa Lamin,Parti Keadilan Rakyat
N.61,61,Muhammad Abdul Karim,Parti Warisan
N.62,62,Datuk Mizma Apehdullah,Gabungan Rakyat Sabah
N.62,62,Datuk Mohammad Yusof Apdal,Parti Warisan
N.62,62,Hajah Borkes @ Balkis binti Haji Kalinggalan,Parti Perikatan Nasional
N.63,63,Datuk Norazlinah Arif,Gabungan Rakyat Sabah
N.63,63,Datuk Jasa @ Ismail bin Raudah,Parti Warisan
N.63,63,Kasman bin Karate,Parti Perikatan Nasional
N.64,64,Datuk Dr. Jaujan Sambakong,Parti Warisan
N.64,64,Abdul Malik bin Haji Abd Bool,Parti Perikatan Nasional
N.65,65,Datuk Marunda KK. Ampong,Gabungan Rakyat Sabah
N.65,65,Datuk Seri Mohd Shafie Apdal,Parti Warisan
N.66,66,Noordin Abdul Hussin,Gabungan Rakyat Sabah
N.66,66,Jamil Hamzah,Parti Warisan
N.66,66,Jamil bin Abdul Gapar,Parti Perikatan Nasional
N.67,67,Syed Ahmad Syed Abas,Gabungan Rakyat Sabah
N.67,67,Frank Salazar @ Franco,Parti Warisan
N.67,67,Dr. Munzier bin Mahamud,Parti Perikatan Nasional
N.68,68,Datuk Nizam Abu Bakar Titingan,Gabungan Rakyat Sabah
N.68,68,Sarman Amat Simito,Parti Warisan
N.68,68,Lim Ting Khai,Parti Perikatan Nasional
N.69,69,Philip Yap,Democratic Action Party
N.69,69,Justin Wong Yung Bin,Parti Warisan
N.70,70,belum umum,Gabungan Rakyat Sabah
N.70,70,Mamun Sulaiman,Parti Warisan
N.70,70,Francis bin Lawrence @ Yusop,Parti Perikatan Nasional
N.71,71,Dr Andi Md Shamsureezal,Gabungan Rakyat Sabah
N.71,71,Ayuf Abdul Rahman,Parti Warisan
N.71,71,Ahmad bin Dullah,Parti Perikatan Nasional
N.72,72,Ruji Bin Ubi,Parti Keadilan Rakyat
N.72,72,Sarifuddin Hata,Parti Warisan
N.72,72,Hasan bin Haris,Parti Perikatan Nasional
N.73,73,Manahing Tinggilani @ Tanggilani,Parti Warisan
N.73,73,Suhurani bin Haji Sammani,Parti Perikatan Nasional