date,election,state,seat,voters_total,ballots_issued,ballots_not_returned,votes_rejected,votes_valid,majority,voter_turnout,majority_perc,votes_rejected_perc,ballots_not_returned_perc,constituency_id,area_name
2013-05-05,SE-12,Sabah,N.01 Banggi,9861,7257,0,256,7001,3239,73.592941892303,46.26481931152692,3.527628496623949,0.0,1,Banggi
2013-05-05,SE-12,Sabah,N.02 Tanjong Kapor,22476,17402,38,398,16966,1985,77.42480868481937,11.69987032889308,2.2920985947938264,0.2183657050913688,2,Tanjong Kapor
2013-05-05,SE-12,Sabah,N.03 Pitas,14912,11762,17,354,11391,3823,78.87607296137341,33.561583706434895,3.0140485312899106,0.1445332426458085,3,Pitas
2013-05-05,SE-12,Sabah,N.04 Matunggong,19977,15908,7,370,15531,320,79.63157631275969,2.060395338355547,2.3268976793912333,0.0440030173497611,4,Matunggong
2013-05-05,SE-12,Sabah,N.05 Tandek,22220,17217,47,599,16571,5275,77.48424842484248,31.83271981171927,3.488642981945253,0.2729860022071209,5,Tandek
2013-05-05,SE-12,Sabah,N.06 Tempasuk,16866,14222,29,325,13868,5210,84.32349104707696,37.568503028554936,2.289861199182696,0.2039094360849388,6,Tempasuk
2013-05-05,SE-12,Sabah,N.07 Kadamaian,15903,13645,55,301,13289,889,85.8014211155128,6.6897433967943405,2.214863870493009,0.4030780505679736,7,Kadamaian
2013-05-05,SE-12,Sabah,N.08 Usukan,18698,15635,32,372,15231,6812,83.61856883089102,44.724574880178594,2.3841568929052106,0.2046690118324272,8,Usukan
2013-05-05,SE-12,Sabah,N.09 Tamparuli,17265,14469,41,187,14241,383,83.80538662033015,2.6894178779580087,1.2960909342944276,0.2833644343078305,9,Tamparuli
2013-05-05,SE-12,Sabah,N.10 Sulaman,19587,17066,22,449,16595,10441,87.12921835911574,62.91654112684544,2.6343581318939218,0.1289112855970936,10,Sulaman
2013-05-05,SE-12,Sabah,N.11 Kiulu,11424,9314,26,171,9117,44,81.53011204481794,0.4826148952506307,1.8410852713178296,0.2791496671677045,11,Kiulu
2013-05-05,SE-12,Sabah,N.12 Karambunai,28971,23394,53,661,22680,9276,80.74971523247385,40.8994708994709,2.831926652671265,0.2265538172180901,12,Karambunai
2013-05-05,SE-12,Sabah,N.13 Inanam,24403,20106,32,421,19653,3202,82.39150924066712,16.292677962652014,2.097240211218492,0.1591564707052621,13,Inanam
2013-05-05,SE-12,Sabah,N.14 Likas,15294,11596,15,99,11482,5652,75.82058323525565,49.22487371538059,0.8548484586823245,0.1293549499827526,14,Likas
2013-05-05,SE-12,Sabah,N.15 Api-Api,15103,12111,12,309,11790,795,80.18936635105608,6.743002544529263,2.553930076865857,0.0990834778300718,15,Api-Api
2013-05-05,SE-12,Sabah,N.16 Luyang,20119,15841,28,110,15703,8676,78.73651771956855,55.250589059415404,0.6956301777018908,0.1767565178965974,16,Luyang
2013-05-05,SE-12,Sabah,N.17 Tanjong Aru,21973,17052,13,448,16591,3690,77.60433258999682,22.240974022060147,2.629262280650273,0.0762373915083274,17,Tanjong Aru
2013-05-05,SE-12,Sabah,N.18 Petagas,15517,12884,151,267,12466,5653,83.03151382354838,45.34734477779561,2.096913531767848,1.1719962744489287,18,Petagas
2013-05-05,SE-12,Sabah,N.19 Kapayan,26767,22032,47,482,21503,7287,82.31030746815108,33.88829465655955,2.1924039117580167,0.2133260711692084,19,Kapayan
2013-05-05,SE-12,Sabah,N.20 Moyog,17556,14850,22,204,14624,1682,84.58646616541353,11.50164113785558,1.3757755597518209,0.1481481481481481,20,Moyog
2013-05-05,SE-12,Sabah,N.21 Kawang,19901,17128,35,237,16856,8900,86.06602683282247,52.800189843379215,1.3865324986836716,0.2043437645959832,21,Kawang
2013-05-05,SE-12,Sabah,N.22 Pantai Manis,18870,16134,20,239,15875,4409,85.5007949125596,27.77322834645669,1.4831823259277648,0.12396181975951402,22,Pantai Manis
2013-05-05,SE-12,Sabah,N.23 Bongawan,14851,12891,25,261,12605,3392,86.8022355396943,26.90995636652122,2.028602518265195,0.1939337522302381,23,Bongawan
2013-05-05,SE-12,Sabah,N.24 Membakut,11777,10279,19,237,10023,3510,87.28029209476097,35.019455252918284,2.309941520467836,0.1848428835489833,24,Membakut
2013-05-05,SE-12,Sabah,N.25 Klias,15338,13085,21,342,12722,179,85.31099230668926,1.4070114761829902,2.6178812002449483,0.1604891096675582,25,Klias
2013-05-05,SE-12,Sabah,N.26 Kuala Penyu,14759,12915,26,250,12639,2273,87.50592858594757,17.984017722921113,1.9396384513926608,0.2013162988772744,26,Kuala Penyu
2013-05-05,SE-12,Sabah,N.27 Lumadan,13777,11780,58,246,11476,3862,85.5048268853887,33.652840711049144,2.0986179832793037,0.4923599320882852,27,Lumadan
2013-05-05,SE-12,Sabah,N.28 Sindumin,15400,12607,20,340,12247,4323,81.86363636363636,35.2984404343921,2.701199650432986,0.1586420242722297,28,Sindumin
2013-05-05,SE-12,Sabah,N.29 Kundasang,13322,10307,12,264,10031,1975,77.36826302357005,19.688964210946068,2.5643516270034,0.116425730086349,29,Kundasang
2013-05-05,SE-12,Sabah,N.30 Karanaan,12456,10353,22,149,10182,3500,83.11657032755299,34.37438617167551,1.4422611557448457,0.2124987926204964,30,Karanaan
2013-05-05,SE-12,Sabah,N.31 Paginatan,13275,10798,26,174,10598,979,81.34086629001884,9.237591998490279,1.6152989231340509,0.2407853306167808,31,Paginatan
2013-05-05,SE-12,Sabah,N.32 Tambunan,13757,11703,20,192,11491,2079,85.06941920476848,18.09242015490384,1.6434135068047588,0.1708963513628983,32,Tambunan
2013-05-05,SE-12,Sabah,N.33 Bingkor,15878,12923,15,185,12723,456,81.38934374606374,3.584060363121905,1.4332197087077783,0.1160721194769016,33,Bingkor
2013-05-05,SE-12,Sabah,N.34 Liawan,14056,11518,11,172,11335,1752,81.94365395560614,15.45655050727834,1.4947423307551924,0.095502691439486,34,Liawan
2013-05-05,SE-12,Sabah,N.35 Melalap,12074,9832,7,222,9603,2599,81.43117442438297,27.06445902322191,2.2595419847328246,0.0711960943856794,35,Melalap
2013-05-05,SE-12,Sabah,N.36 Kemabong,13230,11112,8,404,10700,3032,83.99092970521542,28.336448598130847,3.6383285302593658,0.0719942404607631,36,Kemabong
2013-05-05,SE-12,Sabah,N.37 Sook,16354,13546,11,301,13234,4395,82.82988871224165,33.209913858243915,2.2238640561507204,0.0812047836999852,37,Sook
2013-05-05,SE-12,Sabah,N.38 Nabawan,9840,7845,1,185,7659,342,79.72560975609754,4.465334900117509,2.358490566037736,0.0127469725940089,38,Nabawan
2013-05-05,SE-12,Sabah,N.39 Sugut,9675,7178,3,326,6849,2820,74.19121447028424,41.17389399912396,4.543554006968642,0.0417943716912789,39,Sugut
2013-05-05,SE-12,Sabah,N.40 Labuk,15013,11737,0,209,11528,4526,78.17891160993805,39.26092990978486,1.7806935332708531,0.0,40,Labuk
2013-05-05,SE-12,Sabah,N.41 Gum-Gum,11734,9248,28,180,9040,2357,78.81370376683144,26.073008849557517,1.9522776572668112,0.3027681660899654,41,Gum-Gum
2013-05-05,SE-12,Sabah,N.42 Sungai Sibuga,28038,22871,71,414,22386,11569,81.57143876168057,51.679621191816324,1.8157894736842104,0.3104367976913996,42,Sungai Sibuga
2013-05-05,SE-12,Sabah,N.43 Sekong,14247,11140,19,351,10770,3530,78.19190004913315,32.776230269266485,3.156190990018884,0.17055655296229802,43,Sekong
2013-05-05,SE-12,Sabah,N.44 Karamunting,15952,12260,15,278,11967,855,76.8555667001003,7.144647781398847,2.270314414046549,0.1223491027732463,44,Karamunting
2013-05-05,SE-12,Sabah,N.45 Elopura,22317,16729,20,281,16428,251,74.96079222117669,1.5278792305819329,1.681728409839009,0.119552872257756,45,Elopura
2013-05-05,SE-12,Sabah,N.46 Tanjong Papat,14741,11194,13,206,10975,1522,75.93786038939014,13.867881548974946,1.8424112333422769,0.116133643023048,46,Tanjong Papat
2013-05-05,SE-12,Sabah,N.47 Kuamut,14915,12172,30,350,11792,4618,81.60911833724438,39.162143826322925,2.8825564157469934,0.2464673020046007,47,Kuamut
2013-05-05,SE-12,Sabah,N.48 Sukau,9833,7825,12,244,7569,4419,79.57896877860267,58.38287752675385,3.1230001279918085,0.1533546325878594,48,Sukau
2013-05-05,SE-12,Sabah,N.49 Tungku,14626,11312,7,287,11018,5484,77.34172022425817,49.773098565982934,2.5386996904024772,0.0618811881188118,49,Tungku
2013-05-05,SE-12,Sabah,N.50 Lahad Datu,25232,19219,32,451,18736,8415,76.16915028535193,44.91353543979505,2.3505498514619267,0.1665018991622873,50,Lahad Datu
2013-05-05,SE-12,Sabah,N.51 Kunak,11804,9132,26,295,8811,5360,77.36360555743815,60.833049597094536,3.2396222271030086,0.2847130968024529,51,Kunak
2013-05-05,SE-12,Sabah,N.52 Sulabayan,12642,9456,43,499,8914,5129,74.7982914095871,57.53870316356293,5.301179220227344,0.4547377326565144,52,Sulabayan
2013-05-05,SE-12,Sabah,N.53 Senallang,13210,10146,24,326,9796,5909,76.80545041635125,60.320538995508365,3.2207073700849627,0.2365464222353637,53,Senallang
2013-05-05,SE-12,Sabah,N.54 Bugaya,15697,11993,25,455,11513,3503,76.40313435688348,30.42647442022062,3.8018048128342254,0.2084549320436921,54,Bugaya
2013-05-05,SE-12,Sabah,N.55 Balung,13526,10696,4,195,10497,5569,79.07733254472869,53.05325331046966,1.8237934904601567,0.0373971578160059,55,Balung
2013-05-05,SE-12,Sabah,N.56 Apas,15837,12479,24,327,12128,6122,78.79648923407211,50.478232189973625,2.625451625853071,0.1923231028127253,56,Apas
2013-05-05,SE-12,Sabah,N.57 Sri Tanjong,22175,16612,54,201,16357,5927,74.91319052987599,36.23525096289049,1.2139147240004828,0.325066217192391,57,Sri Tanjong
2013-05-05,SE-12,Sabah,N.58 Merotai,18317,14240,78,238,13924,4088,77.74198831686412,29.359379488652692,1.6805535941251235,0.547752808988764,58,Merotai
2013-05-05,SE-12,Sabah,N.59 Tanjong Batu,18386,14374,36,252,14086,7630,78.17904927662352,54.167258270623314,1.7575673036685733,0.2504522053708083,59,Tanjong Batu
2013-05-05,SE-12,Sabah,N.60 Sebatik,10090,7616,21,293,7302,4140,75.4806739345887,56.696795398520955,3.857801184990125,0.2757352941176471,60,Sebatik
2018-05-09,SE-13,Sabah,N.01 Banggi,11054,7868,29,279,7560,379,71.17785417043605,5.0132275132275135,3.5591274397244548,0.3685815963396034,1,Banggi
2018-05-09,SE-13,Sabah,N.02 Tanjong Kapor,23928,17242,97,345,16800,2992,72.05784018722835,17.80952380952381,2.0122484689413818,0.5625797471291033,2,Tanjong Kapor
2018-05-09,SE-13,Sabah,N.03 Pitas,17269,13095,52,416,12627,1282,75.8295211071863,10.152847073730896,3.189450279843594,0.3970981290568919,3,Pitas
2018-05-09,SE-13,Sabah,N.04 Matunggong,22906,17248,72,557,16619,1687,75.29904828429233,10.151031951380947,3.2428970656730325,0.4174397031539889,4,Matunggong
2018-05-09,SE-13,Sabah,N.05 Tandek,24101,18000,80,584,17336,4592,74.68569768889256,26.488232579603142,3.258928571428572,0.4444444444444444,5,Tandek
2018-05-09,SE-13,Sabah,N.06 Tempasuk,19129,15726,99,392,15235,2264,82.21025667834179,14.860518542829013,2.5084789146989186,0.6295307134681419,6,Tempasuk
2018-05-09,SE-13,Sabah,N.07 Kadamaian,17982,14712,106,251,14355,3294,81.81514848181514,22.946708463949843,1.7184718608790908,0.720500271886895,7,Kadamaian
2018-05-09,SE-13,Sabah,N.08 Usukan,20808,17138,106,356,16676,1225,82.36255286428295,7.3458863036699436,2.0901831845937062,0.6185085774302719,8,Usukan
2018-05-09,SE-13,Sabah,N.09 Tamparuli,18836,15313,87,228,14998,2080,81.29645359949033,13.868515802106948,1.4974385918823063,0.5681447136420035,9,Tamparuli
2018-05-09,SE-13,Sabah,N.10 Sulaman,22611,19055,89,341,18625,7774,84.27314139135818,41.73959731543624,1.797954233892228,0.4670690107583311,10,Sulaman
2018-05-09,SE-13,Sabah,N.11 Kiulu,12953,10459,55,175,10229,1443,80.74577317995832,14.106950826082704,1.6820453671664743,0.5258628932020271,11,Kiulu
2018-05-09,SE-13,Sabah,N.12 Karambunai,34451,26658,143,613,25902,5366,77.37946648863604,20.71654698478882,2.311898925136715,0.5364243379098207,12,Karambunai
2018-05-09,SE-13,Sabah,N.13 Inanam,27964,22360,173,316,21871,7783,79.959948505221,35.585935713959124,1.4242574480551673,0.7737030411449016,13,Inanam
2018-05-09,SE-13,Sabah,N.14 Likas,15126,11219,38,84,11097,7902,74.17030278989819,71.20843471208434,0.7512744834987926,0.3387111150726446,14,Likas
2018-05-09,SE-13,Sabah,N.15 Api-Api,19279,14729,21,378,14330,2954,76.39919082939987,20.614096301465455,2.5700299156921402,0.1425758707312105,15,Api-Api
2018-05-09,SE-13,Sabah,N.16 Luyang,21815,17031,46,112,16873,12408,78.0701352280541,73.53760445682451,0.659405357668531,0.2700957078269039,16,Luyang
2018-05-09,SE-13,Sabah,N.17 Tanjong Aru,23829,17871,112,342,17417,4610,74.99685257459399,26.46839294941724,1.9257841094656232,0.626713670191931,17,Tanjong Aru
2018-05-09,SE-13,Sabah,N.18 Petagas,17483,14021,123,294,13604,208,80.19790653777956,1.5289620699794175,2.115412289538064,0.8772555452535482,18,Petagas
2018-05-09,SE-13,Sabah,N.19 Kapayan,33675,27557,97,276,27184,13250,81.83221974758723,48.74190700412007,1.0050983248361254,0.3519976775410967,19,Kapayan
2018-05-09,SE-13,Sabah,N.20 Moyog,19456,16100,23,202,15875,4442,82.75082236842105,27.981102362204727,1.2564533184051752,0.1428571428571428,20,Moyog
2018-05-09,SE-13,Sabah,N.21 Kawang,23102,19585,367,322,18896,2862,84.77620985196087,15.146062658763759,1.6755125403267768,1.8738830737809549,21,Kawang
2018-05-09,SE-13,Sabah,N.22 Pantai Manis,20484,17217,53,227,16937,2108,84.05096660808435,12.446123870815375,1.3225355395012817,0.3078352790846256,22,Pantai Manis
2018-05-09,SE-13,Sabah,N.23 Bongawan,16239,13953,69,228,13656,795,85.92277849621283,5.821616871704745,1.6421780466724287,0.4945173081057837,23,Bongawan
2018-05-09,SE-13,Sabah,N.24 Membakut,13379,11565,32,182,11351,2403,86.44143807459452,21.169940974363488,1.5780802913379002,0.2766969303934284,24,Membakut
2018-05-09,SE-13,Sabah,N.25 Klias,16948,14187,59,393,13735,2336,83.70899221147037,17.007644703312703,2.7817100792751983,0.4158736871784027,25,Klias
2018-05-09,SE-13,Sabah,N.26 Kuala Penyu,16394,14056,161,439,13456,3545,85.73868488471393,26.34512485136742,3.1594098596617486,1.1454183266932272,26,Kuala Penyu
2018-05-09,SE-13,Sabah,N.27 Lumadan,15009,12420,66,286,12068,2935,82.75034979012592,24.320517069937026,2.315039663266958,0.5314009661835749,27,Lumadan
2018-05-09,SE-13,Sabah,N.28 Sindumin,16873,13065,52,204,12809,760,77.43139927695134,5.933328128659536,1.5676631061246444,0.3980099502487562,28,Sindumin
2018-05-09,SE-13,Sabah,N.29 Kundasang,14864,11070,54,325,10691,255,74.4752421959096,2.385183799457488,2.950254175744372,0.4878048780487805,29,Kundasang
2018-05-09,SE-13,Sabah,N.30 Karanaan,13517,10928,68,155,10705,3782,80.84634164385591,35.329285380663244,1.4272559852670348,0.6222547584187409,30,Karanaan
2018-05-09,SE-13,Sabah,N.31 Paginatan,15325,11905,38,265,11602,2066,77.68352365415988,17.807274607826237,2.233083340355608,0.3191936161276774,31,Paginatan
2018-05-09,SE-13,Sabah,N.32 Tambunan,16255,13322,86,118,13118,1037,81.95632113195941,7.905168470803478,0.8915080084617709,0.6455487164089476,32,Tambunan
2018-05-09,SE-13,Sabah,N.33 Bingkor,17761,13984,81,190,13713,165,78.73430550081639,1.2032378035440825,1.366611522692944,0.579233409610984,33,Bingkor
2018-05-09,SE-13,Sabah,N.34 Liawan,17161,13610,79,154,13377,1382,79.30773264961249,10.33116543320625,1.1381272633212622,0.5804555473916239,34,Liawan
2018-05-09,SE-13,Sabah,N.35 Melalap,13996,10986,62,222,10702,293,78.4938553872535,2.73780601756681,2.0322226290735994,0.5643546331694884,35,Melalap
2018-05-09,SE-13,Sabah,N.36 Kemabong,15186,12030,53,410,11567,895,79.21770051363097,7.737529177833493,3.4232278533856566,0.4405652535328345,36,Kemabong
2018-05-09,SE-13,Sabah,N.37 Sook,19121,15503,39,350,15114,4485,81.07839548140787,29.674473997618104,2.263321262286601,0.2515642133780558,37,Sook
2018-05-09,SE-13,Sabah,N.38 Nabawan,12256,9443,18,228,9197,2072,77.04797650130548,22.52908557138197,2.419098143236074,0.1906173885417769,38,Nabawan
2018-05-09,SE-13,Sabah,N.39 Sugut,11703,8882,20,428,8434,1521,75.89506964026317,18.034147498221483,4.829609568946061,0.2251745102454402,39,Sugut
2018-05-09,SE-13,Sabah,N.40 Labuk,16806,12733,61,247,12425,2600,75.76460787813876,20.92555331991952,1.9491792929292928,0.4790701327259876,40,Labuk
2018-05-09,SE-13,Sabah,N.41 Gum-Gum,12460,9493,46,229,9218,598,76.18780096308187,6.487307441961382,2.4240499629512016,0.4845675761087116,41,Gum-Gum
2018-05-09,SE-13,Sabah,N.42 Sungai Sibuga,35454,27752,164,525,27063,2184,78.27607604219551,8.070058751801353,1.9030013049151808,0.590948400115307,42,Sungai Sibuga
2018-05-09,SE-13,Sabah,N.43 Sekong,16522,12304,49,337,11918,2035,74.47040309889844,17.075012586004362,2.749898000815993,0.3982444733420026,43,Sekong
2018-05-09,SE-13,Sabah,N.44 Karamunting,16052,11724,81,267,11376,3848,73.03762770994268,33.82559774964838,2.2932233960319506,0.6908904810644831,44,Karamunting
2018-05-09,SE-13,Sabah,N.45 Elopura,25285,18100,53,256,17791,6647,71.58394304923867,37.36158731943117,1.418518313293068,0.2928176795580111,45,Elopura
2018-05-09,SE-13,Sabah,N.46 Tanjong Papat,14492,10567,18,196,10353,1816,72.91609163676513,17.540809427219166,1.8579960185799598,0.1703416296015898,46,Tanjong Papat
2018-05-09,SE-13,Sabah,N.47 Kuamut,17875,14093,55,408,13630,4121,78.84195804195805,30.23477622890682,2.9063969226385518,0.3902646704037465,47,Kuamut
2018-05-09,SE-13,Sabah,N.48 Sukau,10855,8163,30,253,7880,1628,75.20036849378167,20.65989847715736,3.1107832288208535,0.3675119441381845,48,Sukau
2018-05-09,SE-13,Sabah,N.49 Tungku,17773,12976,5,352,12619,1001,73.00962133573398,7.932482764085902,2.7137460488782668,0.0385326757090012,49,Tungku
2018-05-09,SE-13,Sabah,N.50 Lahad Datu,28658,20834,63,432,20339,2932,72.6987228697048,14.415654653621123,2.079822829907082,0.3023903235096477,50,Lahad Datu
2018-05-09,SE-13,Sabah,N.51 Kunak,14511,10413,29,223,10161,268,71.75935497209014,2.637535675622478,2.147534668721109,0.27849803130702,51,Kunak
2018-05-09,SE-13,Sabah,N.52 Sulabayan,13984,9868,45,324,9499,4926,70.56636155606407,51.858090325297404,3.298381349893108,0.4560194568301581,52,Sulabayan
2018-05-09,SE-13,Sabah,N.53 Senallang,14399,10514,63,244,10207,5301,73.01895964997568,51.9349466052709,2.334704812936561,0.5992010652463382,53,Senallang
2018-05-09,SE-13,Sabah,N.54 Bugaya,19865,14224,87,381,13756,7851,71.60332242637806,57.07327711544053,2.6950555280469692,0.6116422947131608,54,Bugaya
2018-05-09,SE-13,Sabah,N.55 Balung,14541,10669,37,252,10380,174,73.37184512757031,1.676300578034682,2.3702031602708806,0.3467991376886306,55,Balung
2018-05-09,SE-13,Sabah,N.56 Apas,18978,13841,32,290,13519,1787,72.93181578670041,13.218433316073675,2.1000796581939314,0.231197167834694,56,Apas
2018-05-09,SE-13,Sabah,N.57 Sri Tanjong,26400,19352,77,285,18990,9383,73.3030303030303,49.4102159031069,1.4785992217898831,0.3978916907813146,57,Sri Tanjong
2018-05-09,SE-13,Sabah,N.58 Merotai,20634,15263,149,275,14839,2150,73.97014636037608,14.48884695734214,1.8195050946142648,0.9762169953482276,58,Merotai
2018-05-09,SE-13,Sabah,N.59 Tanjong Batu,23951,17335,117,451,16767,1986,72.3769362448332,11.844694936482375,2.6193518410965257,0.6749351023940006,59,Tanjong Batu
2018-05-09,SE-13,Sabah,N.60 Sebatik,7614,5394,0,109,5285,193,70.84318360914106,3.6518448438978237,2.0207638116425657,0.0,60,Sebatik
2020-09-26,SE-14,Sabah,N.01 Banggi,5961,3977,7,106,3864,703,66.71699379298775,18.193581780538302,2.6700251889168762,0.1760120693990444,1,Banggi
2020-09-26,SE-14,Sabah,N.02 Bengkoka,11543,8073,13,125,7935,1337,69.93849086026162,16.84940138626339,1.5508684863523574,0.1610305958132045,2,Bengkoka
2020-09-26,SE-14,Sabah,N.03 Pitas,10928,7483,21,192,7270,559,68.4754758418741,7.689133425034387,2.5730367193781833,0.2806361085126286,3,Pitas
2020-09-26,SE-14,Sabah,N.04 Tanjong Kapor,23700,14865,74,334,14457,1879,62.72151898734179,12.997164003596874,2.2581299438847946,0.4978136562394887,4,Tanjong Kapor
2020-09-26,SE-14,Sabah,N.05 Matunggong,17111,11427,13,238,11176,1510,66.78160247793818,13.511095204008589,2.085158577185912,0.1137656427758816,5,Matunggong
2020-09-26,SE-14,Sabah,N.06 Bandau,14615,9968,37,225,9706,3363,68.20390010263428,34.64867092520091,2.265632866780788,0.3711878009630819,6,Bandau
2020-09-26,SE-14,Sabah,N.07 Tandek,15971,10588,14,277,10297,1432,66.29515997745915,13.906963193163056,2.6196330622281065,0.1322251605591235,7,Tandek
2020-09-26,SE-14,Sabah,N.08 Pintasan,10867,8395,19,138,8238,84,77.2522315266403,1.0196649672250546,1.64756446991404,0.2263251935675997,8,Pintasan
2020-09-26,SE-14,Sabah,N.09 Tempasuk,11996,9124,37,179,8908,1685,76.0586862287429,18.915581499775485,1.9698470342247167,0.4055238930293731,9,Tempasuk
2020-09-26,SE-14,Sabah,N.10 Usukan,16883,12951,56,212,12683,4298,76.71030030207902,33.88788141606875,1.6440480806514155,0.4323990425449772,10,Usukan
2020-09-26,SE-14,Sabah,N.11 Kadamaian,17968,13582,47,175,13360,3459,75.58993766696351,25.89071856287425,1.2929442186922793,0.3460462376675011,11,Kadamaian
2020-09-26,SE-14,Sabah,N.12 Sulaman,11711,9174,40,142,8992,3099,78.33660660917087,34.46396797153025,1.5546310488285526,0.4360148245040331,12,Sulaman
2020-09-26,SE-14,Sabah,N.13 Pantai Dalit,15091,11278,105,224,10949,3794,74.73328473924856,34.6515663530916,2.004833079745816,0.931016137613052,13,Pantai Dalit
2020-09-26,SE-14,Sabah,N.14 Tamparuli,16597,11750,30,173,11547,3517,70.79592697475448,30.458127652204038,1.4761092150170647,0.2553191489361702,14,Tamparuli
2020-09-26,SE-14,Sabah,N.15 Kiulu,10887,7818,24,78,7716,1221,71.81041609258747,15.824261275272159,1.0007698229407236,0.3069838833461243,15,Kiulu
2020-09-26,SE-14,Sabah,N.16 Karambunai,19560,12465,33,345,12087,16,63.72699386503068,0.1323736245553073,2.775096525096525,0.2647412755716005,16,Karambunai
2020-09-26,SE-14,Sabah,N.17 Darau,18350,12272,32,312,11928,562,66.87738419618529,4.711602951039572,2.5490196078431366,0.2607561929595828,17,Darau
2020-09-26,SE-14,Sabah,N.18 Inanam,26035,17286,36,360,16890,5638,66.39523718071825,33.38069863824749,2.086956521739131,0.2082610204790003,18,Inanam
2020-09-26,SE-14,Sabah,N.19 Likas,14934,9554,16,71,9467,7517,63.97482255256462,79.40213372768564,0.7443908576221429,0.1674691228804689,19,Likas
2020-09-26,SE-14,Sabah,N.20 Api-Api,19149,11865,30,336,11499,5347,61.96146012846624,46.49969562570658,2.8390367553865654,0.2528445006321113,20,Api-Api
2020-09-26,SE-14,Sabah,N.21 Luyang,25775,17306,44,135,17127,14521,67.14258001939865,84.78425877269808,0.7820646506777894,0.2542470819369005,21,Luyang
2020-09-26,SE-14,Sabah,N.22 Tanjung Aru,14941,9879,171,287,9421,3147,66.12007228431833,33.40409722959346,2.9563246806757317,1.730944427573641,22,Tanjung Aru
2020-09-26,SE-14,Sabah,N.23 Petagas,13763,9542,265,210,9067,261,69.33081450265203,2.878570640785265,2.263662822032985,2.7771955564871096,23,Petagas
2020-09-26,SE-14,Sabah,N.24 Tanjung Keramat,14350,9470,368,224,8878,1124,65.99303135888502,12.660509123676505,2.4609975829488024,3.8859556494192176,24,Tanjung Keramat
2020-09-26,SE-14,Sabah,N.25 Kapayan,30034,19773,44,282,19447,13163,65.8353865618965,67.68653262714042,1.4293679355263826,0.2225256663126485,25,Kapayan
2020-09-26,SE-14,Sabah,N.26 Moyog,19465,13637,33,177,13427,5935,70.05908040071924,44.20198108289267,1.3010879153190238,0.2419887071936642,26,Moyog
2020-09-26,SE-14,Sabah,N.27 Limbahau,12739,9258,25,140,9093,2523,72.67446424366119,27.74661827779611,1.5163002274450341,0.2700367249945992,27,Limbahau
2020-09-26,SE-14,Sabah,N.28 Kawang,14932,11091,36,181,10874,5094,74.27672113581569,46.84568695972043,1.6372682044323836,0.3245875033811198,28,Kawang
2020-09-26,SE-14,Sabah,N.29 Pantai Manis,14322,10500,45,132,10323,686,73.31378299120234,6.645355032451807,1.2625538020086082,0.4285714285714286,29,Pantai Manis
2020-09-26,SE-14,Sabah,N.30 Bongawan,16735,13044,30,236,12778,1802,77.94442784583208,14.102363437157614,1.8134316889503608,0.2299908003679852,30,Bongawan
2020-09-26,SE-14,Sabah,N.31 Membakut,13617,10620,19,119,10482,3421,77.99074686054199,32.636901354703305,1.1225356098481276,0.1789077212806026,31,Membakut
2020-09-26,SE-14,Sabah,N.32 Klias,16905,11564,34,327,11203,3901,68.40579710144927,34.821030081228244,2.8360797918473546,0.2940159114493255,32,Klias
2020-09-26,SE-14,Sabah,N.33 Kuala Penyu,16396,12829,25,215,12589,3273,78.24469382776287,25.998887918023676,1.6791627616369886,0.1948709954010445,33,Kuala Penyu
2020-09-26,SE-14,Sabah,N.34 Lumadan,15044,11010,148,298,10564,364,73.18532305237969,3.445664521014767,2.7435094825998902,1.3442325158946409,34,Lumadan
2020-09-26,SE-14,Sabah,N.35 Sindumin,16762,11300,31,208,11061,424,67.41438969096768,3.833288129463882,1.8457715857662609,0.2743362831858407,35,Sindumin
2020-09-26,SE-14,Sabah,N.36 Kundasang,14986,10220,21,205,9994,1422,68.19698385159482,14.228537122273364,2.0100009804882832,0.2054794520547945,36,Kundasang
2020-09-26,SE-14,Sabah,N.37 Karanaan,13425,9221,35,100,9086,4814,68.6852886405959,52.98261060972925,1.088613106901807,0.3795683765318295,37,Karanaan
2020-09-26,SE-14,Sabah,N.38 Paginatan,15410,10903,47,244,10612,1323,70.75275794938352,12.467018469656992,2.2476050110537957,0.4310740163257819,38,Paginatan
2020-09-26,SE-14,Sabah,N.39 Tambunan,16511,11717,55,107,11555,6792,70.96481133789595,58.7797490263955,0.9175098610872922,0.4694034309123495,39,Tambunan
2020-09-26,SE-14,Sabah,N.40 Bingkor,17828,11966,67,128,11771,5070,67.11913843392416,43.07195650327075,1.0757206487940163,0.5599197726892863,40,Bingkor
2020-09-26,SE-14,Sabah,N.41 Liawan,17446,12040,65,144,11831,641,69.0129542588559,5.417969740512214,1.2025052192066807,0.5398671096345514,41,Liawan
2020-09-26,SE-14,Sabah,N.42 Melalap,13993,10605,22,130,10453,1719,75.78789394697348,16.445039701521093,1.2283851459888502,0.2074493163602074,42,Melalap
2020-09-26,SE-14,Sabah,N.43 Kemabong,15086,11256,16,288,10952,1012,74.61222325334748,9.240321402483564,2.5622775800711746,0.1421464108031272,43,Kemabong
2020-09-26,SE-14,Sabah,N.44 Tulid,8910,6898,16,106,6776,544,77.41863075196409,8.028335301062574,1.5402499273467014,0.2319512902290519,44,Tulid
2020-09-26,SE-14,Sabah,N.45 Sook,10397,7743,14,120,7609,1232,74.47340579013176,16.19135234590616,1.5525941260188898,0.1808084721684101,45,Sook
2020-09-26,SE-14,Sabah,N.46 Nabawan,12475,8571,8,182,8381,2238,68.70541082164328,26.703257367855862,2.1254233329440617,0.093338000233345,46,Nabawan
2020-09-26,SE-14,Sabah,N.47 Telupid,7862,5471,19,94,5358,685,69.58789112185194,12.7846211272863,1.7241379310344829,0.3472856881740084,47,Telupid
2020-09-26,SE-14,Sabah,N.48 Sugut,11712,7688,17,228,7443,1664,65.64207650273224,22.35657664920059,2.9722330856472428,0.2211238293444328,48,Sugut
2020-09-26,SE-14,Sabah,N.49 Labuk,8952,5953,18,77,5858,1208,66.49910634495086,20.621372482075795,1.2973883740522325,0.3023685536704182,49,Labuk
2020-09-26,SE-14,Sabah,N.50 Gum-Gum,12474,8207,18,180,8009,269,65.79284912618246,3.35872143838182,2.1980705824887043,0.219324966492019,50,Gum-Gum
2020-09-26,SE-14,Sabah,N.51 Sungai Manila,12761,8505,39,221,8245,1417,66.64838178826112,17.186173438447543,2.6104417670682727,0.4585537918871252,51,Sungai Manila
2020-09-26,SE-14,Sabah,N.52 Sungai Sibuga,23308,14769,111,340,14318,1538,63.364510039471426,10.741723704427994,2.3195524628189386,0.7515742433475523,52,Sungai Sibuga
2020-09-26,SE-14,Sabah,N.53 Sekong,17054,11108,31,297,10780,1599,65.13427934795357,14.833024118738404,2.6812313803376364,0.2790781418797263,53,Sekong
2020-09-26,SE-14,Sabah,N.54 Karamunting,15896,10127,219,218,9690,2479,63.70785103170609,25.58307533539731,2.2002422285022205,2.16253579539844,54,Karamunting
2020-09-26,SE-14,Sabah,N.55 Elopura,25794,14999,38,192,14769,7683,58.1491819803055,52.02112533008329,1.2833366753559254,0.2533502233482232,55,Elopura
2020-09-26,SE-14,Sabah,N.56 Tanjong Papat,14287,8858,22,160,8676,3743,62.000419962203395,43.1420009220839,1.8107741059302849,0.2483630616391962,56,Tanjong Papat
2020-09-26,SE-14,Sabah,N.57 Kuamut,9854,7351,11,176,7164,978,74.59914755429267,13.651591289782246,2.3978201634877383,0.1496395048292749,57,Kuamut
2020-09-26,SE-14,Sabah,N.58 Lamag,8159,5774,16,144,5614,661,70.76847652898638,11.774136088350554,2.5008683570684265,0.2771042604780048,58,Lamag
2020-09-26,SE-14,Sabah,N.59 Sukau,10810,6996,16,220,6760,2129,64.71785383903793,31.494082840236693,3.151862464183381,0.2287021154945683,59,Sukau
2020-09-26,SE-14,Sabah,N.60 Tungku,13255,7900,52,133,7715,268,59.60015088645794,3.4737524303305247,1.6946992864424058,0.6582278481012658,60,Tungku
2020-09-26,SE-14,Sabah,N.61 Segama,16575,9628,44,304,9280,2168,58.08748114630468,23.36206896551724,3.1719532554257093,0.4570004154549232,61,Segama
2020-09-26,SE-14,Sabah,N.62 Silam,17395,9669,20,263,9386,1542,55.584938200632365,16.428723630939697,2.7256710539952325,0.2068466232288758,62,Silam
2020-09-26,SE-14,Sabah,N.63 Kunak,14641,8136,32,168,7936,589,55.56997472850215,7.421875,2.073050345508391,0.3933136676499508,63,Kunak
2020-09-26,SE-14,Sabah,N.64 Sulabayan,14012,8587,81,182,8324,3245,61.28318584070797,38.98366170110524,2.1396661180343286,0.9432863631070222,64,Sulabayan
2020-09-26,SE-14,Sabah,N.65 Senallang,14336,8447,38,163,8246,4631,58.92159598214286,56.160562697065245,1.9383993340468544,0.4498638569906475,65,Senallang
2020-09-26,SE-14,Sabah,N.66 Bugaya,20267,11834,54,285,11495,6005,58.390486998569095,52.24010439321444,2.419354838709677,0.4563123204326517,66,Bugaya
2020-09-26,SE-14,Sabah,N.67 Balung,14600,8084,34,133,7917,580,55.369863013698634,7.326007326007327,1.652173913043478,0.4205838693715982,67,Balung
2020-09-26,SE-14,Sabah,N.68 Apas,19378,10928,31,173,10724,2049,56.393848694395714,19.10667661320403,1.5875929154813253,0.2836749633967789,68,Apas
2020-09-26,SE-14,Sabah,N.69 Sri Tanjong,26493,14794,96,139,14559,8880,55.84116559091082,60.99320008242323,0.9457068988978092,0.64891172096796,69,Sri Tanjong
2020-09-26,SE-14,Sabah,N.70 Kukusan,12640,6822,56,102,6664,10,53.97151898734179,0.1500600240096038,1.507537688442211,0.8208736440926414,70,Kukusan
2020-09-26,SE-14,Sabah,N.71 Tanjung Batu,14875,7809,51,142,7616,2123,52.497478991596644,27.87552521008403,1.83036865171436,0.6530925854782943,71,Tanjung Batu
2020-09-26,SE-14,Sabah,N.72 Merotai,14973,8638,29,125,8484,1587,57.690509583917716,18.705799151343705,1.4519688697874318,0.3357258624681639,72,Merotai
2020-09-26,SE-14,Sabah,N.73 Sebatik,10131,6143,36,129,5978,522,60.635672687789956,8.732017397122782,2.112330112985099,0.5860328829562104,73,Sebatik
